{
    "$schema": "https://raw.githubusercontent.com/edave64/doki-doki-dialog-generator-pack-format/master/src/v1/schema.json",
    "id": "ddlc.natsuki",
    "packId": "natsuki.outfit.nsfwpack.xxfireballxx64",
    "packCredits": "Sprites by xxfireballxx64 based on edits from EroEiyuu, Fluttair, SomeoneUnknowns, and NovaMonika for DDDG.",
    "packName": "NSFW Pack",
    "authors": [
        "xxfireballxx64",
        "EroEiyuu",
        "Fluttair",
        "SomeoneUnknowns",
        "NovaMonika"
    ],
    "source": "https://discord.gg/b4psAzNRWG",
    "comicClubUrl": "#",
    "cc2credits": {
        "left": [
            "Original sprites",
            "Edits and integration by"
        ],
        "right": [
            "Various creators",
            "xxfireballxx64"
        ]
    },
    "styles": [
        {
            "name": "nude_xxfireballxx64",
            "label": "Default"
        }
    ],
    "heads": {},
    "poses": [
        {
            "name": "SchoolTop1-nude_xxfireballxx64",
            "style": "nude_xxfireballxx64",
            "compatibleHeads": [
                "straight",
                "straight_nsfw",
                "sideways",
                "turnedAway"
            ],
            "headInForeground": true,
            "left": [
                "./SchoolTop1l.png",
                "./SchoolTop2l.png"
            ],
            "right": [
                "./SchoolTop1r.png",
                "./SchoolTop2r.png"
            ]
        },
        {
            "name": "SchoolTop3-nude_xxfireballxx64",
            "style": "nude_xxfireballxx64",
            "compatibleHeads": [
                "straight",
                "straight_nsfw",
                "sideways",
                "turnedAway"
            ],
            "headInForeground": true,
            "headAnchor": [18, 22],
            "static": "./SchoolTop3.png"
        },
        {
            "name": "SchoolTopghost1-nude_xxfireballxx64",
            "style": "nude_xxfireballxx64",
            "headInForeground": false,
            "static": "./SchoolTopghost1.png"
        },
        {
            "name": "SchoolTopghost2-nude_xxfireballxx64",
            "style": "nude_xxfireballxx64",
            "headInForeground": false,
            "static": "./SchoolTopghost2.png"
        },
        {
            "name": "SchoolTopghost3-nude_xxfireballxx64",
            "style": "nude_xxfireballxx64",
            "headInForeground": false,
            "static": "./SchoolTopghost3.png"
        },
        {
            "name": "SchoolTopghost4-nude_xxfireballxx64",
            "style": "nude_xxfireballxx64",
            "headInForeground": false,
            "static": "./SchoolTopghost4.png"
        },
        {
            "name": "SchoolTopghost5-nude_xxfireballxx64",
            "style": "nude_xxfireballxx64",
            "headInForeground": false,
            "static": "./SchoolTopghost5.png"
        },
        {
            "name": "SchoolTopghost6-nude_xxfireballxx64",
            "style": "nude_xxfireballxx64",
            "headInForeground": false,
            "static": "./SchoolTopghost6.png"
        },
        {
            "name": "SchoolTopghost7-nude_xxfireballxx64",
            "style": "nude_xxfireballxx64",
            "headInForeground": false,
            "static": "./SchoolTopghost7.png"
        },
        {
            "name": "SchoolToppiss-nude_xxfireballxx64",
            "style": "nude_xxfireballxx64",
            "headInForeground": false,
            "static": "./Schoolpiss.png"
        },
        {
            "name": "SchoolTopvomit1-nude_xxfireballxx64",
            "style": "nude_xxfireballxx64",
            "headInForeground": false,
            "static": "./SchoolTopvomit1.png"
        },
        {
            "name": "SchoolTopvomit2-nude_xxfireballxx64",
            "style": "nude_xxfireballxx64",
            "headInForeground": false,
            "static": "./SchoolTopvomit2.png"
        },
        {
            "name": "CasualTop1-nude_xxfireballxx64",
            "style": "nude_xxfireballxx64",
            "compatibleHeads": [
                "straight",
                "straight_nsfw",
                "sideways",
                "turnedAway"
            ],
            "headInForeground": true,
            "left": [
                "./CasualTop1l.png",
                "./CasualTop2l.png"
            ],
            "right": [
                "./CasualTop1r.png",
                "./CasualTop2r.png"
            ]
        },
        {
            "name": "CasualTop3-nude_xxfireballxx64",
            "style": "nude_xxfireballxx64",
            "compatibleHeads": [
                "straight",
                "straight_nsfw",
                "sideways",
                "turnedAway"
            ],
            "headInForeground": true,
            "headAnchor": [18, 22],
            "static": "./CasualTop3.png"
        }
    ]
}
