{
    "pack": {
        "characters": [
            "Natsuki"
        ],
        "kind": [
            "Styles"
        ],
        "authors": [
            "EroEiyuu",
            "Fluttair",
            "SomeoneUnknowns",
            "NovaMonika",
			"xxfireballxx64"
        ],
        "id": "natsuki.outfit.nsfwpack.xxfireballxx64",
        "name": "NSFW Pack",
        "source": "https://discord.gg/b4psAzNRWG",
        "dddg2Path": "http://localhost:4716/repo/natsuki.outfit.nsfwpack.xxfireballxx64/index.json",
        "description": "Sprites by xxfireballxx64 based on edits from EroEiyuu, Fluttair, SomeoneUnknowns, and NovaMonika for DDDG.",
        "preview": [
            "http://localhost:4716/repo/natsuki.outfit.nsfwpack.xxfireballxx64/SchoolTop1l.png",
            "http://localhost:4716/repo/natsuki.outfit.nsfwpack.xxfireballxx64/SchoolTop1r.png"
        ],
        "searchWords": [],
        "repoUrl": ""
    },
    "authors": {
        "EroEiyuu": {},
        "Fluttair": {},
        "SomeoneUnknowns": {},
        "NovaMonika": {},
		"xxfireballxx64": {}
    }
}